id,name,order,input type
M2Q1_Alpha,M2Q1_Alpha,4,Alpha
M2Q2_Alpha,M2Q2_Alpha,4,Alpha
M2Q1M2Q2_Alpha,M2Q1M2Q2_Alpha,4,Alpha
M2Q3_Alpha,M2Q3_Alpha,4,Alpha
M2Q1M2Q2M2Q3_Alpha,M2Q1M2Q2M2Q3_Alpha,4,Alpha
M2Q4_Alpha,M2Q4_Alpha,4,Alpha
M2Q1M2Q2M2Q3M2Q4_Alpha,M2Q1M2Q2M2Q3M2Q4_Alpha,4,Alpha
N22_Alpha,N22_Alpha,4,Alpha
N30_Alpha,N30_Alpha,4,Alpha
N22N30_Alpha,N22N30_Alpha,4,Alpha
M0P1_Alpha,M0P1_Alpha,4,Alpha
N22N30M0P1_Alpha,N22N30M0P1_Alpha,4,Alpha
M1T3_Alpha,M1T3_Alpha,4,Alpha
N22N30M0P1M1T3_Alpha,N22N30M0P1M1T3_Alpha,4,Alpha
M0P2_Alpha,M0P2_Alpha,4,Alpha
M0P2M1T3_Alpha,M0P2M1T3_Alpha,4,Alpha
M0P2M1T3M2Q2_Alpha,M0P2M1T3M2Q2_Alpha,4,Alpha
M0P2M1T3M2Q2M2Q3_Alpha,M0P2M1T3M2Q2M2Q3_Alpha,4,Alpha
N2_Alpha,N2_Alpha,4,Alpha
N31_Alpha,N31_Alpha,4,Alpha
N2N31_Alpha,N2N31_Alpha,4,Alpha
N2N31M2Q3_Alpha,N2N31M2Q3_Alpha,4,Alpha
N2N31M2Q3M2Q4_Alpha,N2N31M2Q3M2Q4_Alpha,4,Alpha
N13_Alpha,N13_Alpha,4,Alpha
N13N22_Alpha,N13N22_Alpha,4,Alpha
N13N22N31_Alpha,N13N22N31_Alpha,4,Alpha
N34_Alpha,N34_Alpha,4,Alpha
N13N22N31N34_Alpha,N13N22N31N34_Alpha,4,Alpha
N9_Alpha,N9_Alpha,4,Alpha
N12_Alpha,N12_Alpha,4,Alpha
N9N12_Alpha,N9N12_Alpha,4,Alpha
N37_Alpha,N37_Alpha,4,Alpha
N9N12N37_Alpha,N9N12N37_Alpha,4,Alpha
N9N12N37M2Q1_Alpha,N9N12N37M2Q1_Alpha,4,Alpha
M1T1_Alpha,M1T1_Alpha,4,Alpha
M1T2_Alpha,M1T2_Alpha,4,Alpha
M1T1M1T2_Alpha,M1T1M1T2_Alpha,4,Alpha
M1T1M1T2M1T3_Alpha,M1T1M1T2M1T3_Alpha,4,Alpha
M1T1M1T2M1T3M2Q2_Alpha,M1T1M1T2M1T3M2Q2_Alpha,4,Alpha
N29_Alpha,N29_Alpha,4,Alpha
N22N29_Alpha,N22N29_Alpha,4,Alpha
N22N29M0P1_Alpha,N22N29M0P1_Alpha,4,Alpha
N22N29M0P1M2Q4_Alpha,N22N29M0P1M2Q4_Alpha,4,Alpha
N0_Alpha,N0_Alpha,4,Alpha
N6_Alpha,N6_Alpha,4,Alpha
N0N6_Alpha,N0N6_Alpha,4,Alpha
N0N6N31_Alpha,N0N6N31_Alpha,4,Alpha
N0N6N31M1T3_Alpha,N0N6N31M1T3_Alpha,4,Alpha
N20_Alpha,N20_Alpha,4,Alpha
N6N20_Alpha,N6N20_Alpha,4,Alpha
N6N20N22_Alpha,N6N20N22_Alpha,4,Alpha
N6N20N22N34_Alpha,N6N20N22N34_Alpha,4,Alpha
N37M1T2_Alpha,N37M1T2_Alpha,4,Alpha
N37M1T2M2Q2_Alpha,N37M1T2M2Q2_Alpha,4,Alpha
N37M1T2M2Q2M2Q4_Alpha,N37M1T2M2Q2M2Q4_Alpha,4,Alpha
N18_Alpha,N18_Alpha,4,Alpha
N0N18_Alpha,N0N18_Alpha,4,Alpha
N0N18N20_Alpha,N0N18N20_Alpha,4,Alpha
N0N18N20N34_Alpha,N0N18N20N34_Alpha,4,Alpha
N28_Alpha,N28_Alpha,4,Alpha
N0N28_Alpha,N0N28_Alpha,4,Alpha
N36_Alpha,N36_Alpha,4,Alpha
N0N28N36_Alpha,N0N28N36_Alpha,4,Alpha
N0N28N36M2Q3_Alpha,N0N28N36M2Q3_Alpha,4,Alpha
N22M1T3_Alpha,N22M1T3_Alpha,4,Alpha
N22M1T3M2Q2_Alpha,N22M1T3M2Q2_Alpha,4,Alpha
N22M1T3M2Q2M2Q3_Alpha,N22M1T3M2Q2M2Q3_Alpha,4,Alpha
N9N29_Alpha,N9N29_Alpha,4,Alpha
N33_Alpha,N33_Alpha,4,Alpha
N9N29N33_Alpha,N9N29N33_Alpha,4,Alpha
N9N29N33N37_Alpha,N9N29N33N37_Alpha,4,Alpha
N13N37_Alpha,N13N37_Alpha,4,Alpha
N13N37M0P1_Alpha,N13N37M0P1_Alpha,4,Alpha
N13N37M0P1M2Q3_Alpha,N13N37M0P1M2Q3_Alpha,4,Alpha
N11_Alpha,N11_Alpha,4,Alpha
N6N11_Alpha,N6N11_Alpha,4,Alpha
N6N11N34_Alpha,N6N11N34_Alpha,4,Alpha
N6N11N34M2Q2_Alpha,N6N11N34M2Q2_Alpha,4,Alpha
N26_Alpha,N26_Alpha,4,Alpha
N18N26_Alpha,N18N26_Alpha,4,Alpha
N39_Alpha,N39_Alpha,4,Alpha
N18N26N39_Alpha,N18N26N39_Alpha,4,Alpha
N18N26N39M1T3_Alpha,N18N26N39M1T3_Alpha,4,Alpha
N13N20_Alpha,N13N20_Alpha,4,Alpha
N13N20N34_Alpha,N13N20N34_Alpha,4,Alpha
N13N20N34M0P2_Alpha,N13N20N34M0P2_Alpha,4,Alpha
N11N37_Alpha,N11N37_Alpha,4,Alpha
N11N37M1T2_Alpha,N11N37M1T2_Alpha,4,Alpha
N11N37M1T2M2Q1_Alpha,N11N37M1T2M2Q1_Alpha,4,Alpha
N33M0P2_Alpha,N33M0P2_Alpha,4,Alpha
N33M0P2M1T2_Alpha,N33M0P2M1T2_Alpha,4,Alpha
N33M0P2M1T2M2Q4_Alpha,N33M0P2M1T2M2Q4_Alpha,4,Alpha
N40_Alpha,N40_Alpha,4,Alpha
N31N40_Alpha,N31N40_Alpha,4,Alpha
N31N40M2Q3_Alpha,N31N40M2Q3_Alpha,4,Alpha
N31N40M2Q3M2Q4_Alpha,N31N40M2Q3M2Q4_Alpha,4,Alpha
N9N12N40_Alpha,N9N12N40_Alpha,4,Alpha
N9N12N40M2Q4_Alpha,N9N12N40M2Q4_Alpha,4,Alpha
N34N37_Alpha,N34N37_Alpha,4,Alpha
N34N37M2Q1_Alpha,N34N37M2Q1_Alpha,4,Alpha
N34N37M2Q1M2Q3_Alpha,N34N37M2Q1M2Q3_Alpha,4,Alpha
N3_Alpha,N3_Alpha,4,Alpha
N3N22_Alpha,N3N22_Alpha,4,Alpha
N3N22N29_Alpha,N3N22N29_Alpha,4,Alpha
N3N22N29M1T1_Alpha,N3N22N29M1T1_Alpha,4,Alpha
N29M0P2_Alpha,N29M0P2_Alpha,4,Alpha
N29M0P2M1T1_Alpha,N29M0P2M1T1_Alpha,4,Alpha
N29M0P2M1T1M1T3_Alpha,N29M0P2M1T1M1T3_Alpha,4,Alpha
N31N37_Alpha,N31N37_Alpha,4,Alpha
N31N37M1T2_Alpha,N31N37M1T2_Alpha,4,Alpha
N31N37M1T2M2Q4_Alpha,N31N37M1T2M2Q4_Alpha,4,Alpha
N38_Alpha,N38_Alpha,4,Alpha
N29N38_Alpha,N29N38_Alpha,4,Alpha
N29N38M0P1_Alpha,N29N38M0P1_Alpha,4,Alpha
N29N38M0P1M2Q3_Alpha,N29N38M0P1M2Q3_Alpha,4,Alpha
N20N33_Alpha,N20N33_Alpha,4,Alpha
N20N33M1T3_Alpha,N20N33M1T3_Alpha,4,Alpha
N20N33M1T3M2Q4_Alpha,N20N33M1T3M2Q4_Alpha,4,Alpha
N6N40_Alpha,N6N40_Alpha,4,Alpha
N6N40M1T1_Alpha,N6N40M1T1_Alpha,4,Alpha
N6N40M1T1M2Q2_Alpha,N6N40M1T1M2Q2_Alpha,4,Alpha
N19_Alpha,N19_Alpha,4,Alpha
N19N31_Alpha,N19N31_Alpha,4,Alpha
N19N31M1T2_Alpha,N19N31M1T2_Alpha,4,Alpha
N19N31M1T2M2Q1_Alpha,N19N31M1T2M2Q1_Alpha,4,Alpha
N22N28_Alpha,N22N28_Alpha,4,Alpha
N22N28M1T2_Alpha,N22N28M1T2_Alpha,4,Alpha
N22N28M1T2M2Q2_Alpha,N22N28M1T2M2Q2_Alpha,4,Alpha
N31N34_Alpha,N31N34_Alpha,4,Alpha
N31N34N40_Alpha,N31N34N40_Alpha,4,Alpha
N31N34N40M2Q2_Alpha,N31N34N40M2Q2_Alpha,4,Alpha
N18N22_Alpha,N18N22_Alpha,4,Alpha
N18N22M0P1_Alpha,N18N22M0P1_Alpha,4,Alpha
N18N22M0P1M1T1_Alpha,N18N22M0P1M1T1_Alpha,4,Alpha
N2N12_Alpha,N2N12_Alpha,4,Alpha
N24_Alpha,N24_Alpha,4,Alpha
N2N12N24_Alpha,N2N12N24_Alpha,4,Alpha
N2N12N24M1T1_Alpha,N2N12N24M1T1_Alpha,4,Alpha
N2M0P1_Alpha,N2M0P1_Alpha,4,Alpha
N2M0P1M0P2_Alpha,N2M0P1M0P2_Alpha,4,Alpha
N2M0P1M0P2M2Q3_Alpha,N2M0P1M0P2M2Q3_Alpha,4,Alpha
N0N40_Alpha,N0N40_Alpha,4,Alpha
N0N40M1T2_Alpha,N0N40M1T2_Alpha,4,Alpha
N0N40M1T2M2Q2_Alpha,N0N40M1T2M2Q2_Alpha,4,Alpha
N20N29_Alpha,N20N29_Alpha,4,Alpha
N20N29M0P1_Alpha,N20N29M0P1_Alpha,4,Alpha
N20N29M0P1M0P2_Alpha,N20N29M0P1M0P2_Alpha,4,Alpha
N29N40_Alpha,N29N40_Alpha,4,Alpha
N29N40M2Q3_Alpha,N29N40M2Q3_Alpha,4,Alpha
N29N40M2Q3M2Q4_Alpha,N29N40M2Q3M2Q4_Alpha,4,Alpha
N19M0P1_Alpha,N19M0P1_Alpha,4,Alpha
N19M0P1M0P2_Alpha,N19M0P1M0P2_Alpha,4,Alpha
N19M0P1M0P2M2Q4_Alpha,N19M0P1M0P2M2Q4_Alpha,4,Alpha
N10_Alpha,N10_Alpha,4,Alpha
N10N33_Alpha,N10N33_Alpha,4,Alpha
N10N33M0P1_Alpha,N10N33M0P1_Alpha,4,Alpha
N10N33M0P1M2Q1_Alpha,N10N33M0P1M2Q1_Alpha,4,Alpha
N3N29_Alpha,N3N29_Alpha,4,Alpha
N3N29N37_Alpha,N3N29N37_Alpha,4,Alpha
N3N29N37M2Q1_Alpha,N3N29N37M2Q1_Alpha,4,Alpha
N6N12_Alpha,N6N12_Alpha,4,Alpha
N6N12N34_Alpha,N6N12N34_Alpha,4,Alpha
N6N12N34N39_Alpha,N6N12N34N39_Alpha,4,Alpha
N2N31N37_Alpha,N2N31N37_Alpha,4,Alpha
N2N31N37M2Q4_Alpha,N2N31N37M2Q4_Alpha,4,Alpha
N6N28_Alpha,N6N28_Alpha,4,Alpha
N6N28N34_Alpha,N6N28N34_Alpha,4,Alpha
N6N28N34M2Q2_Alpha,N6N28N34M2Q2_Alpha,4,Alpha
N2N31N33_Alpha,N2N31N33_Alpha,4,Alpha
N2N31N33M1T3_Alpha,N2N31N33M1T3_Alpha,4,Alpha
N6N18_Alpha,N6N18_Alpha,4,Alpha
N6N18N40_Alpha,N6N18N40_Alpha,4,Alpha
N6N18N40M1T1_Alpha,N6N18N40M1T1_Alpha,4,Alpha
N6N13_Alpha,N6N13_Alpha,4,Alpha
N6N13N22_Alpha,N6N13N22_Alpha,4,Alpha
N6N13N22N26_Alpha,N6N13N22N26_Alpha,4,Alpha
N6N39_Alpha,N6N39_Alpha,4,Alpha
N6N39M1T1_Alpha,N6N39M1T1_Alpha,4,Alpha
N6N39M1T1M2Q1_Alpha,N6N39M1T1M2Q1_Alpha,4,Alpha
N0N31_Alpha,N0N31_Alpha,4,Alpha
N0N31M1T3_Alpha,N0N31M1T3_Alpha,4,Alpha
N0N31M1T3M2Q1_Alpha,N0N31M1T3M2Q1_Alpha,4,Alpha
N6N11N20_Alpha,N6N11N20_Alpha,4,Alpha
N6N11N20M2Q1_Alpha,N6N11N20M2Q1_Alpha,4,Alpha
N0N36_Alpha,N0N36_Alpha,4,Alpha
N0N36M1T2_Alpha,N0N36M1T2_Alpha,4,Alpha
N0N36M1T2M2Q2_Alpha,N0N36M1T2M2Q2_Alpha,4,Alpha
N6N33_Alpha,N6N33_Alpha,4,Alpha
N6N33M1T1_Alpha,N6N33M1T1_Alpha,4,Alpha
N6N33M1T1M2Q4_Alpha,N6N33M1T1M2Q4_Alpha,4,Alpha
N6N22_Alpha,N6N22_Alpha,4,Alpha
N6N22M0P1_Alpha,N6N22M0P1_Alpha,4,Alpha
N6N22M0P1M1T1_Alpha,N6N22M0P1M1T1_Alpha,4,Alpha
N3N29M0P2_Alpha,N3N29M0P2_Alpha,4,Alpha
N3N29M0P2M1T1_Alpha,N3N29M0P2M1T1_Alpha,4,Alpha
N3M1T1_Alpha,N3M1T1_Alpha,4,Alpha
N3M1T1M1T2_Alpha,N3M1T1M1T2_Alpha,4,Alpha
N3M1T1M1T2M2Q3_Alpha,N3M1T1M1T2M2Q3_Alpha,4,Alpha
N2N20_Alpha,N2N20_Alpha,4,Alpha
N2N20N22_Alpha,N2N20N22_Alpha,4,Alpha
N2N20N22M0P2_Alpha,N2N20N22M0P2_Alpha,4,Alpha
N2N29_Alpha,N2N29_Alpha,4,Alpha
N2N29M2Q2_Alpha,N2N29M2Q2_Alpha,4,Alpha
N2N29M2Q2M2Q3_Alpha,N2N29M2Q2M2Q3_Alpha,4,Alpha
N0N9_Alpha,N0N9_Alpha,4,Alpha
N0N9N12_Alpha,N0N9N12_Alpha,4,Alpha
N0N9N12N20_Alpha,N0N9N12N20_Alpha,4,Alpha
N6N18M0P1_Alpha,N6N18M0P1_Alpha,4,Alpha
N6N18M0P1M2Q1_Alpha,N6N18M0P1M2Q1_Alpha,4,Alpha
N7_Beta,N7_Beta,1,Beta
M1T3_Beta,M1T3_Beta,1,Beta
N18_Beta,N18_Beta,1,Beta
N31_Beta,N31_Beta,1,Beta
N4_Beta,N4_Beta,1,Beta
N36_Beta,N36_Beta,1,Beta
N5_Beta,N5_Beta,1,Beta
N23_Beta,N23_Beta,1,Beta
N22_Beta,N22_Beta,1,Beta
N11_Beta,N11_Beta,1,Beta
M0P1M0P2_Alpha,M0P1M0P2_Alpha,2,Alpha
N18M1T3_Alpha,N18M1T3_Alpha,2,Alpha
N7_Alpha,N7_Alpha,2,Alpha
N7N36_Alpha,N7N36_Alpha,2,Alpha
M1T2M2Q2_Alpha,M1T2M2Q2_Alpha,2,Alpha
N7M1T3_Alpha,N7M1T3_Alpha,2,Alpha
N7N31_Alpha,N7N31_Alpha,2,Alpha
N38M0P1_Alpha,N38M0P1_Alpha,2,Alpha
N2N11_Alpha,N2N11_Alpha,2,Alpha
N31M2Q3_Alpha,N31M2Q3_Alpha,2,Alpha
N5_Alpha,N5_Alpha,2,Alpha
N5N30_Alpha,N5N30_Alpha,2,Alpha
N15_Alpha,N15_Alpha,2,Alpha
N15N31_Alpha,N15N31_Alpha,2,Alpha
N35_Alpha,N35_Alpha,2,Alpha
N18N35_Alpha,N18N35_Alpha,2,Alpha
N33M1T3_Alpha,N33M1T3_Alpha,2,Alpha
N16_Alpha,N16_Alpha,2,Alpha
N16M1T2_Alpha,N16M1T2_Alpha,2,Alpha
N12N39_Alpha,N12N39_Alpha,2,Alpha
N9N38_Alpha,N9N38_Alpha,2,Alpha
N20N35_Alpha,N20N35_Alpha,2,Alpha
N24N36_Alpha,N24N36_Alpha,2,Alpha
N16M2Q1_Alpha,N16M2Q1_Alpha,2,Alpha
N26M2Q1_Alpha,N26M2Q1_Alpha,2,Alpha
N11N36_Alpha,N11N36_Alpha,2,Alpha
N19N37_Alpha,N19N37_Alpha,2,Alpha
N2N24_Alpha,N2N24_Alpha,2,Alpha
N15M1T3_Alpha,N15M1T3_Alpha,2,Alpha
N18N31_Alpha,N18N31_Alpha,2,Alpha
N11N22_Alpha,N11N22_Alpha,2,Alpha
N34M2Q2_Alpha,N34M2Q2_Alpha,2,Alpha
N4_Alpha,N4_Alpha,2,Alpha
N4N18_Alpha,N4N18_Alpha,2,Alpha
N22N34_Alpha,N22N34_Alpha,2,Alpha
N12M1T1_Alpha,N12M1T1_Alpha,2,Alpha
N0N3_Alpha,N0N3_Alpha,3,Alpha
N0N3N37_Alpha,N0N3N37_Alpha,3,Alpha
N0N6N19_Alpha,N0N6N19_Alpha,3,Alpha
N0N6M1T3_Alpha,N0N6M1T3_Alpha,3,Alpha
N17_Alpha,N17_Alpha,3,Alpha
N0N17_Alpha,N0N17_Alpha,3,Alpha
N0N17M0P1_Alpha,N0N17M0P1_Alpha,3,Alpha
N0N20_Alpha,N0N20_Alpha,3,Alpha
N0N20N34_Alpha,N0N20N34_Alpha,3,Alpha
N0N22_Alpha,N0N22_Alpha,3,Alpha
N0N22M2Q3_Alpha,N0N22M2Q3_Alpha,3,Alpha
N0N24_Alpha,N0N24_Alpha,3,Alpha
N0N24M1T1_Alpha,N0N24M1T1_Alpha,3,Alpha
N0N26_Alpha,N0N26_Alpha,3,Alpha
N0N26M1T3_Alpha,N0N26M1T3_Alpha,3,Alpha
N0N28M0P2_Alpha,N0N28M0P2_Alpha,3,Alpha
N0N28M2Q2_Alpha,N0N28M2Q2_Alpha,3,Alpha
N0N29_Alpha,N0N29_Alpha,3,Alpha
N0N29N33_Alpha,N0N29N33_Alpha,3,Alpha
N0N30_Alpha,N0N30_Alpha,3,Alpha
N0N30M0P2_Alpha,N0N30M0P2_Alpha,3,Alpha
N0N34_Alpha,N0N34_Alpha,3,Alpha
N0N34N39_Alpha,N0N34N39_Alpha,3,Alpha
N0N40M2Q2_Alpha,N0N40M2Q2_Alpha,3,Alpha
N0M2Q2_Alpha,N0M2Q2_Alpha,3,Alpha
N0M2Q2M2Q4_Alpha,N0M2Q2M2Q4_Alpha,3,Alpha
N1_Alpha,N1_Alpha,3,Alpha
N1N19_Alpha,N1N19_Alpha,3,Alpha
N1N19N37_Alpha,N1N19N37_Alpha,3,Alpha
N2N3_Alpha,N2N3_Alpha,3,Alpha
N2N3N20_Alpha,N2N3N20_Alpha,3,Alpha
N2N4_Alpha,N2N4_Alpha,3,Alpha
N2N4M2Q2_Alpha,N2N4M2Q2_Alpha,3,Alpha
N2N9_Alpha,N2N9_Alpha,3,Alpha
N2N9N12_Alpha,N2N9N12_Alpha,3,Alpha
N2N11N12_Alpha,N2N11N12_Alpha,3,Alpha
N2N11N24_Alpha,N2N11N24_Alpha,3,Alpha
N2N12N31_Alpha,N2N12N31_Alpha,3,Alpha
N2N12M0P1_Alpha,N2N12M0P1_Alpha,3,Alpha
N2N12M1T1_Alpha,N2N12M1T1_Alpha,3,Alpha
N2N16_Alpha,N2N16_Alpha,3,Alpha
N2N16M1T2_Alpha,N2N16M1T2_Alpha,3,Alpha
N2N22_Alpha,N2N22_Alpha,3,Alpha
N2N22N24_Alpha,N2N22N24_Alpha,3,Alpha
N2N22M0P2_Alpha,N2N22M0P2_Alpha,3,Alpha
N2N24N31_Alpha,N2N24N31_Alpha,3,Alpha
N2N24M1T1_Alpha,N2N24M1T1_Alpha,3,Alpha
N2N24M1T3_Alpha,N2N24M1T3_Alpha,3,Alpha
N27_Alpha,N27_Alpha,3,Alpha
N2N27_Alpha,N2N27_Alpha,3,Alpha
N2N27M0P1_Alpha,N2N27M0P1_Alpha,3,Alpha
N2N30_Alpha,N2N30_Alpha,3,Alpha
N2N30M0P2_Alpha,N2N30M0P2_Alpha,3,Alpha
N2N31N36_Alpha,N2N31N36_Alpha,3,Alpha
N32_Alpha,N32_Alpha,3,Alpha
N2N32_Alpha,N2N32_Alpha,3,Alpha
N2N32M2Q3_Alpha,N2N32M2Q3_Alpha,3,Alpha
N2N33_Alpha,N2N33_Alpha,3,Alpha
N2N33N37_Alpha,N2N33N37_Alpha,3,Alpha
N2N33M1T1_Alpha,N2N33M1T1_Alpha,3,Alpha
N2N36_Alpha,N2N36_Alpha,3,Alpha
N2N36M2Q1_Alpha,N2N36M2Q1_Alpha,3,Alpha
N2M0P1M2Q1_Alpha,N2M0P1M2Q1_Alpha,3,Alpha
N2M0P1M2Q3_Alpha,N2M0P1M2Q3_Alpha,3,Alpha
N2M1T1_Alpha,N2M1T1_Alpha,3,Alpha
N2M1T1M2Q2_Alpha,N2M1T1M2Q2_Alpha,3,Alpha
N3N9_Alpha,N3N9_Alpha,3,Alpha
N3N9N36_Alpha,N3N9N36_Alpha,3,Alpha
N3N9N37_Alpha,N3N9N37_Alpha,3,Alpha
N3N9N39_Alpha,N3N9N39_Alpha,3,Alpha
N3N9M1T1_Alpha,N3N9M1T1_Alpha,3,Alpha
N3N15_Alpha,N3N15_Alpha,3,Alpha
N3N15M1T3_Alpha,N3N15M1T3_Alpha,3,Alpha
N3N19_Alpha,N3N19_Alpha,3,Alpha
N3N19M0P2_Alpha,N3N19M0P2_Alpha,3,Alpha
N3N31_Alpha,N3N31_Alpha,3,Alpha
N3N31M1T3_Alpha,N3N31M1T3_Alpha,3,Alpha
N3N35_Alpha,N3N35_Alpha,3,Alpha
N3N35N37_Alpha,N3N35N37_Alpha,3,Alpha
N3N37_Alpha,N3N37_Alpha,3,Alpha
N3N37M1T1_Alpha,N3N37M1T1_Alpha,3,Alpha
N3N37M2Q1_Alpha,N3N37M2Q1_Alpha,3,Alpha
N3M1T1M1T3_Alpha,N3M1T1M1T3_Alpha,3,Alpha
N3M1T2_Alpha,N3M1T2_Alpha,3,Alpha
N3M1T2M1T3_Alpha,N3M1T2M1T3_Alpha,3,Alpha
N4N35_Alpha,N4N35_Alpha,3,Alpha
N4N35M2Q4_Alpha,N4N35M2Q4_Alpha,3,Alpha
N6N7_Alpha,N6N7_Alpha,3,Alpha
N6N7M2Q1_Alpha,N6N7M2Q1_Alpha,3,Alpha
N6N10_Alpha,N6N10_Alpha,3,Alpha
N6N10N40_Alpha,N6N10N40_Alpha,3,Alpha
N6N11N18_Alpha,N6N11N18_Alpha,3,Alpha
N6N11N22_Alpha,N6N11N22_Alpha,3,Alpha
N6N19_Alpha,N6N19_Alpha,3,Alpha
N6N19N31_Alpha,N6N19N31_Alpha,3,Alpha
N6N20N31_Alpha,N6N20N31_Alpha,3,Alpha
N6N20N34_Alpha,N6N20N34_Alpha,3,Alpha
N6N20M2Q1_Alpha,N6N20M2Q1_Alpha,3,Alpha
N6N26_Alpha,N6N26_Alpha,3,Alpha
N6N26N28_Alpha,N6N26N28_Alpha,3,Alpha
N6N31_Alpha,N6N31_Alpha,3,Alpha
N6N31M2Q1_Alpha,N6N31M2Q1_Alpha,3,Alpha
N6N34_Alpha,N6N34_Alpha,3,Alpha
N6N34N38_Alpha,N6N34N38_Alpha,3,Alpha
N6N34M2Q1_Alpha,N6N34M2Q1_Alpha,3,Alpha
N6N34M2Q2_Alpha,N6N34M2Q2_Alpha,3,Alpha
N6M0P1_Alpha,N6M0P1_Alpha,3,Alpha
N6M0P1M1T1_Alpha,N6M0P1M1T1_Alpha,3,Alpha
N7N18_Alpha,N7N18_Alpha,3,Alpha
N7N18N35_Alpha,N7N18N35_Alpha,3,Alpha
N7N18M1T3_Alpha,N7N18M1T3_Alpha,3,Alpha
N7N20_Alpha,N7N20_Alpha,3,Alpha
N7N20N29_Alpha,N7N20N29_Alpha,3,Alpha
N7N20N35_Alpha,N7N20N35_Alpha,3,Alpha
N7N22_Alpha,N7N22_Alpha,3,Alpha
N7N22M2Q4_Alpha,N7N22M2Q4_Alpha,3,Alpha
N7N30_Alpha,N7N30_Alpha,3,Alpha
N7N30N36_Alpha,N7N30N36_Alpha,3,Alpha
N7N31N36_Alpha,N7N31N36_Alpha,3,Alpha
N7N31M1T3_Alpha,N7N31M1T3_Alpha,3,Alpha
N7N31M2Q3_Alpha,N7N31M2Q3_Alpha,3,Alpha
N7N36M2Q3_Alpha,N7N36M2Q3_Alpha,3,Alpha
N8_Alpha,N8_Alpha,3,Alpha
N8N24_Alpha,N8N24_Alpha,3,Alpha
N8N24N39_Alpha,N8N24N39_Alpha,3,Alpha
N8N30_Alpha,N8N30_Alpha,3,Alpha
N8N30M2Q4_Alpha,N8N30M2Q4_Alpha,3,Alpha
N9N10_Alpha,N9N10_Alpha,3,Alpha
N9N10M1T3_Alpha,N9N10M1T3_Alpha,3,Alpha
N9N11_Alpha,N9N11_Alpha,3,Alpha
N9N11N12_Alpha,N9N11N12_Alpha,3,Alpha
N9N12N18_Alpha,N9N12N18_Alpha,3,Alpha
N9N12N20_Alpha,N9N12N20_Alpha,3,Alpha
N9N12M1T1_Alpha,N9N12M1T1_Alpha,3,Alpha
N9N12M2Q1_Alpha,N9N12M2Q1_Alpha,3,Alpha
N9N15_Alpha,N9N15_Alpha,3,Alpha
N9N15M0P1_Alpha,N9N15M0P1_Alpha,3,Alpha
N9N15M2Q1_Alpha,N9N15M2Q1_Alpha,3,Alpha
N9N20_Alpha,N9N20_Alpha,3,Alpha
N9N20N39_Alpha,N9N20N39_Alpha,3,Alpha
N9N36_Alpha,N9N36_Alpha,3,Alpha
N9N36M1T2_Alpha,N9N36M1T2_Alpha,3,Alpha
N9N37_Alpha,N9N37_Alpha,3,Alpha
N9N37M2Q1_Alpha,N9N37M2Q1_Alpha,3,Alpha
N9N38M0P1_Alpha,N9N38M0P1_Alpha,3,Alpha
N9N38M2Q1_Alpha,N9N38M2Q1_Alpha,3,Alpha
N9M1T1_Alpha,N9M1T1_Alpha,3,Alpha
N9M1T1M2Q3_Alpha,N9M1T1M2Q3_Alpha,3,Alpha
N10N13_Alpha,N10N13_Alpha,3,Alpha
N10N13N19_Alpha,N10N13N19_Alpha,3,Alpha
N10N13N35_Alpha,N10N13N35_Alpha,3,Alpha
N10N18_Alpha,N10N18_Alpha,3,Alpha
N10N18N38_Alpha,N10N18N38_Alpha,3,Alpha
N10N18M1T2_Alpha,N10N18M1T2_Alpha,3,Alpha
N10N19_Alpha,N10N19_Alpha,3,Alpha
N10N19N36_Alpha,N10N19N36_Alpha,3,Alpha
N10N22_Alpha,N10N22_Alpha,3,Alpha
N10N22M1T2_Alpha,N10N22M1T2_Alpha,3,Alpha
N10N29_Alpha,N10N29_Alpha,3,Alpha
N10N29N31_Alpha,N10N29N31_Alpha,3,Alpha
N10N29N37_Alpha,N10N29N37_Alpha,3,Alpha
N10N29M1T2_Alpha,N10N29M1T2_Alpha,3,Alpha
N10M0P2_Alpha,N10M0P2_Alpha,3,Alpha
N10M0P2M1T3_Alpha,N10M0P2M1T3_Alpha,3,Alpha
N10M0P2M2Q4_Alpha,N10M0P2M2Q4_Alpha,3,Alpha
N10M1T1_Alpha,N10M1T1_Alpha,3,Alpha
N10M1T1M1T3_Alpha,N10M1T1M1T3_Alpha,3,Alpha
N10M1T2_Alpha,N10M1T2_Alpha,3,Alpha
N10M1T2M1T3_Alpha,N10M1T2M1T3_Alpha,3,Alpha
N11N12_Alpha,N11N12_Alpha,3,Alpha
N11N12N20_Alpha,N11N12N20_Alpha,3,Alpha
N11N13_Alpha,N11N13_Alpha,3,Alpha
N11N13N22_Alpha,N11N13N22_Alpha,3,Alpha
N11N15_Alpha,N11N15_Alpha,3,Alpha
N11N15M2Q4_Alpha,N11N15M2Q4_Alpha,3,Alpha
N11N18_Alpha,N11N18_Alpha,3,Alpha
N11N18N22_Alpha,N11N18N22_Alpha,3,Alpha
N11N18N28_Alpha,N11N18N28_Alpha,3,Alpha
N11N18M1T3_Alpha,N11N18M1T3_Alpha,3,Alpha
N11N20_Alpha,N11N20_Alpha,3,Alpha
N11N20N22_Alpha,N11N20N22_Alpha,3,Alpha
N11N20M1T3_Alpha,N11N20M1T3_Alpha,3,Alpha
N11N20M2Q1_Alpha,N11N20M2Q1_Alpha,3,Alpha
N11N22N31_Alpha,N11N22N31_Alpha,3,Alpha
N11N22M2Q4_Alpha,N11N22M2Q4_Alpha,3,Alpha
N11N24_Alpha,N11N24_Alpha,3,Alpha
N11N24N36_Alpha,N11N24N36_Alpha,3,Alpha
N11N24N39_Alpha,N11N24N39_Alpha,3,Alpha
N11N28_Alpha,N11N28_Alpha,3,Alpha
N11N28M2Q3_Alpha,N11N28M2Q3_Alpha,3,Alpha
N11N29_Alpha,N11N29_Alpha,3,Alpha
N11N29M0P1_Alpha,N11N29M0P1_Alpha,3,Alpha
N11N29M2Q3_Alpha,N11N29M2Q3_Alpha,3,Alpha
N11N31_Alpha,N11N31_Alpha,3,Alpha
N11N31N36_Alpha,N11N31N36_Alpha,3,Alpha
N11N35_Alpha,N11N35_Alpha,3,Alpha
N11N35M2Q1_Alpha,N11N35M2Q1_Alpha,3,Alpha
N11M1T3_Alpha,N11M1T3_Alpha,3,Alpha
N11M1T3M2Q1_Alpha,N11M1T3M2Q1_Alpha,3,Alpha
N12N16_Alpha,N12N16_Alpha,3,Alpha
N12N16N20_Alpha,N12N16N20_Alpha,3,Alpha
N12N18_Alpha,N12N18_Alpha,3,Alpha
N12N18N20_Alpha,N12N18N20_Alpha,3,Alpha
N12N18M1T1_Alpha,N12N18M1T1_Alpha,3,Alpha
N12N20_Alpha,N12N20_Alpha,3,Alpha
N12N20N31_Alpha,N12N20N31_Alpha,3,Alpha
N12N20N35_Alpha,N12N20N35_Alpha,3,Alpha
N12N20N38_Alpha,N12N20N38_Alpha,3,Alpha
N12N24_Alpha,N12N24_Alpha,3,Alpha
N12N24N39_Alpha,N12N24N39_Alpha,3,Alpha
N12N30_Alpha,N12N30_Alpha,3,Alpha
N12N30N38_Alpha,N12N30N38_Alpha,3,Alpha
N12N33_Alpha,N12N33_Alpha,3,Alpha
N12N33N40_Alpha,N12N33N40_Alpha,3,Alpha
N12N33M0P1_Alpha,N12N33M0P1_Alpha,3,Alpha
N12N34_Alpha,N12N34_Alpha,3,Alpha
N12N34N38_Alpha,N12N34N38_Alpha,3,Alpha
N12N37_Alpha,N12N37_Alpha,3,Alpha
N12N37M1T1_Alpha,N12N37M1T1_Alpha,3,Alpha
N12M0P1_Alpha,N12M0P1_Alpha,3,Alpha
N12M0P1M1T3_Alpha,N12M0P1M1T3_Alpha,3,Alpha
N12M1T1M2Q3_Alpha,N12M1T1M2Q3_Alpha,3,Alpha
N13N16_Alpha,N13N16_Alpha,3,Alpha
N13N16N22_Alpha,N13N16N22_Alpha,3,Alpha
N13N18_Alpha,N13N18_Alpha,3,Alpha
N13N18N19_Alpha,N13N18N19_Alpha,3,Alpha
N13N18M2Q3_Alpha,N13N18M2Q3_Alpha,3,Alpha
N13N20N37_Alpha,N13N20N37_Alpha,3,Alpha
N13N22N39_Alpha,N13N22N39_Alpha,3,Alpha
N13N22M2Q4_Alpha,N13N22M2Q4_Alpha,3,Alpha
N13N24_Alpha,N13N24_Alpha,3,Alpha
N13N24M2Q1_Alpha,N13N24M2Q1_Alpha,3,Alpha
N13N31_Alpha,N13N31_Alpha,3,Alpha
N13N31N34_Alpha,N13N31N34_Alpha,3,Alpha
N13N31M2Q3_Alpha,N13N31M2Q3_Alpha,3,Alpha
N13N40_Alpha,N13N40_Alpha,3,Alpha
N13N40M0P1_Alpha,N13N40M0P1_Alpha,3,Alpha
N14_Alpha,N14_Alpha,3,Alpha
N14N20_Alpha,N14N20_Alpha,3,Alpha
N14N20M1T3_Alpha,N14N20M1T3_Alpha,3,Alpha
N14N31_Alpha,N14N31_Alpha,3,Alpha
N14N31M1T3_Alpha,N14N31M1T3_Alpha,3,Alpha
N15N18_Alpha,N15N18_Alpha,3,Alpha
N15N18M1T3_Alpha,N15N18M1T3_Alpha,3,Alpha
N15N24_Alpha,N15N24_Alpha,3,Alpha
N15N24N31_Alpha,N15N24N31_Alpha,3,Alpha
N15N31M1T2_Alpha,N15N31M1T2_Alpha,3,Alpha
N15N33_Alpha,N15N33_Alpha,3,Alpha
N15N33M1T3_Alpha,N15N33M1T3_Alpha,3,Alpha
N15M1T2_Alpha,N15M1T2_Alpha,3,Alpha
N15M1T2M2Q2_Alpha,N15M1T2M2Q2_Alpha,3,Alpha
N16N20_Alpha,N16N20_Alpha,3,Alpha
N16N20N22_Alpha,N16N20N22_Alpha,3,Alpha
N16N20N26_Alpha,N16N20N26_Alpha,3,Alpha
N16N20N31_Alpha,N16N20N31_Alpha,3,Alpha
N16N20N35_Alpha,N16N20N35_Alpha,3,Alpha
N16N20N37_Alpha,N16N20N37_Alpha,3,Alpha
N16N31_Alpha,N16N31_Alpha,3,Alpha
N16N31M1T2_Alpha,N16N31M1T2_Alpha,3,Alpha
N16N31M2Q1_Alpha,N16N31M2Q1_Alpha,3,Alpha
N16N33_Alpha,N16N33_Alpha,3,Alpha
N16N33M1T2_Alpha,N16N33M1T2_Alpha,3,Alpha
N16N36_Alpha,N16N36_Alpha,3,Alpha
N16N36M2Q3_Alpha,N16N36M2Q3_Alpha,3,Alpha
N16M1T2M1T3_Alpha,N16M1T2M1T3_Alpha,3,Alpha
N16M1T2M2Q1_Alpha,N16M1T2M2Q1_Alpha,3,Alpha
N16M1T2M2Q2_Alpha,N16M1T2M2Q2_Alpha,3,Alpha
N17N31_Alpha,N17N31_Alpha,3,Alpha
N17N31N37_Alpha,N17N31N37_Alpha,3,Alpha
N17N36_Alpha,N17N36_Alpha,3,Alpha
N17N36M2Q3_Alpha,N17N36M2Q3_Alpha,3,Alpha
N18N20_Alpha,N18N20_Alpha,3,Alpha
N18N20N37_Alpha,N18N20N37_Alpha,3,Alpha
N18N26N29_Alpha,N18N26N29_Alpha,3,Alpha
N18N28_Alpha,N18N28_Alpha,3,Alpha
N18N28M1T1_Alpha,N18N28M1T1_Alpha,3,Alpha
N18N29_Alpha,N18N29_Alpha,3,Alpha
N18N29N36_Alpha,N18N29N36_Alpha,3,Alpha
N18N29N40_Alpha,N18N29N40_Alpha,3,Alpha
N18N31M2Q3_Alpha,N18N31M2Q3_Alpha,3,Alpha
N18N33_Alpha,N18N33_Alpha,3,Alpha
N18N33N36_Alpha,N18N33N36_Alpha,3,Alpha
N18N33M0P1_Alpha,N18N33M0P1_Alpha,3,Alpha
N18N36_Alpha,N18N36_Alpha,3,Alpha
N18N36M2Q3_Alpha,N18N36M2Q3_Alpha,3,Alpha
N18N38_Alpha,N18N38_Alpha,3,Alpha
N18N38M0P1_Alpha,N18N38M0P1_Alpha,3,Alpha
N18N38M2Q3_Alpha,N18N38M2Q3_Alpha,3,Alpha
N18M1T1_Alpha,N18M1T1_Alpha,3,Alpha
N18M1T1M2Q3_Alpha,N18M1T1M2Q3_Alpha,3,Alpha
N19N22_Alpha,N19N22_Alpha,3,Alpha
N19N22N37_Alpha,N19N22N37_Alpha,3,Alpha
N19N24_Alpha,N19N24_Alpha,3,Alpha
N19N24M1T3_Alpha,N19N24M1T3_Alpha,3,Alpha
N19N30_Alpha,N19N30_Alpha,3,Alpha
N19N30M2Q3_Alpha,N19N30M2Q3_Alpha,3,Alpha
N19N33_Alpha,N19N33_Alpha,3,Alpha
N19N33M1T3_Alpha,N19N33M1T3_Alpha,3,Alpha
N19M0P2_Alpha,N19M0P2_Alpha,3,Alpha
N19M0P2M2Q4_Alpha,N19M0P2M2Q4_Alpha,3,Alpha
N20N22_Alpha,N20N22_Alpha,3,Alpha
N20N22N34_Alpha,N20N22N34_Alpha,3,Alpha
N20N22N35_Alpha,N20N22N35_Alpha,3,Alpha
N20N22M0P2_Alpha,N20N22M0P2_Alpha,3,Alpha
N20N35M2Q1_Alpha,N20N35M2Q1_Alpha,3,Alpha
N21_Alpha,N21_Alpha,3,Alpha
N21N22_Alpha,N21N22_Alpha,3,Alpha
N21N22N35_Alpha,N21N22N35_Alpha,3,Alpha
N22N24_Alpha,N22N24_Alpha,3,Alpha
N22N24N37_Alpha,N22N24N37_Alpha,3,Alpha
N22N26_Alpha,N22N26_Alpha,3,Alpha
N22N26N39_Alpha,N22N26N39_Alpha,3,Alpha
N22N30N39_Alpha,N22N30N39_Alpha,3,Alpha
N22N30M2Q1_Alpha,N22N30M2Q1_Alpha,3,Alpha
N22N31_Alpha,N22N31_Alpha,3,Alpha
N22N31N34_Alpha,N22N31N34_Alpha,3,Alpha
N22N33_Alpha,N22N33_Alpha,3,Alpha
N22N33M2Q1_Alpha,N22N33M2Q1_Alpha,3,Alpha
N22N33M2Q4_Alpha,N22N33M2Q4_Alpha,3,Alpha
N22N34M1T3_Alpha,N22N34M1T3_Alpha,3,Alpha
N22N35_Alpha,N22N35_Alpha,3,Alpha
N22N35M1T2_Alpha,N22N35M1T2_Alpha,3,Alpha
N22N37_Alpha,N22N37_Alpha,3,Alpha
N22N37M2Q3_Alpha,N22N37M2Q3_Alpha,3,Alpha
N22N38_Alpha,N22N38_Alpha,3,Alpha
N22N38M2Q3_Alpha,N22N38M2Q3_Alpha,3,Alpha
N22M0P1_Alpha,N22M0P1_Alpha,3,Alpha
N22M0P1M0P2_Alpha,N22M0P1M0P2_Alpha,3,Alpha
N22M0P1M1T1_Alpha,N22M0P1M1T1_Alpha,3,Alpha
N22M0P1M1T3_Alpha,N22M0P1M1T3_Alpha,3,Alpha
N22M0P2_Alpha,N22M0P2_Alpha,3,Alpha
N22M0P2M1T2_Alpha,N22M0P2M1T2_Alpha,3,Alpha
N22M1T2_Alpha,N22M1T2_Alpha,3,Alpha
N22M1T2M2Q4_Alpha,N22M1T2M2Q4_Alpha,3,Alpha
N22M2Q3_Alpha,N22M2Q3_Alpha,3,Alpha
N22M2Q3M2Q4_Alpha,N22M2Q3M2Q4_Alpha,3,Alpha
N24N30_Alpha,N24N30_Alpha,3,Alpha
N24N30N39_Alpha,N24N30N39_Alpha,3,Alpha
N24N30M0P2_Alpha,N24N30M0P2_Alpha,3,Alpha
N24N31_Alpha,N24N31_Alpha,3,Alpha
N24N31M0P2_Alpha,N24N31M0P2_Alpha,3,Alpha
N24N31M1T3_Alpha,N24N31M1T3_Alpha,3,Alpha
N24N34_Alpha,N24N34_Alpha,3,Alpha
N24N34N37_Alpha,N24N34N37_Alpha,3,Alpha
N24N34M2Q2_Alpha,N24N34M2Q2_Alpha,3,Alpha
N24N34M2Q3_Alpha,N24N34M2Q3_Alpha,3,Alpha
N24N35_Alpha,N24N35_Alpha,3,Alpha
N24N35M1T3_Alpha,N24N35M1T3_Alpha,3,Alpha
N24N37_Alpha,N24N37_Alpha,3,Alpha
N24N37M2Q2_Alpha,N24N37M2Q2_Alpha,3,Alpha
N24M0P1_Alpha,N24M0P1_Alpha,3,Alpha
N24M0P1M1T2_Alpha,N24M0P1M1T2_Alpha,3,Alpha
N24M0P1M1T3_Alpha,N24M0P1M1T3_Alpha,3,Alpha
N26N29_Alpha,N26N29_Alpha,3,Alpha
N26N29N31_Alpha,N26N29N31_Alpha,3,Alpha
N26N29M0P1_Alpha,N26N29M0P1_Alpha,3,Alpha
N26N29M0P2_Alpha,N26N29M0P2_Alpha,3,Alpha
N26N29M2Q3_Alpha,N26N29M2Q3_Alpha,3,Alpha
N26N31_Alpha,N26N31_Alpha,3,Alpha
N26N31N39_Alpha,N26N31N39_Alpha,3,Alpha
N26N34_Alpha,N26N34_Alpha,3,Alpha
N26N34M2Q4_Alpha,N26N34M2Q4_Alpha,3,Alpha
N26N39_Alpha,N26N39_Alpha,3,Alpha
N26N39M1T3_Alpha,N26N39M1T3_Alpha,3,Alpha
N26M0P1_Alpha,N26M0P1_Alpha,3,Alpha
N26M0P1M2Q1_Alpha,N26M0P1M2Q1_Alpha,3,Alpha
N26M1T1_Alpha,N26M1T1_Alpha,3,Alpha
N26M1T1M1T2_Alpha,N26M1T1M1T2_Alpha,3,Alpha
N27N29_Alpha,N27N29_Alpha,3,Alpha
N27N29N31_Alpha,N27N29N31_Alpha,3,Alpha
N28N31_Alpha,N28N31_Alpha,3,Alpha
N28N31N34_Alpha,N28N31N34_Alpha,3,Alpha
N28N34_Alpha,N28N34_Alpha,3,Alpha
N28N34M2Q2_Alpha,N28N34M2Q2_Alpha,3,Alpha
N28N36_Alpha,N28N36_Alpha,3,Alpha
N28N36M1T1_Alpha,N28N36M1T1_Alpha,3,Alpha
N28N39_Alpha,N28N39_Alpha,3,Alpha
N28N39M1T2_Alpha,N28N39M1T2_Alpha,3,Alpha
N28M2Q2_Alpha,N28M2Q2_Alpha,3,Alpha
N28M2Q2M2Q3_Alpha,N28M2Q2M2Q3_Alpha,3,Alpha
N29N31_Alpha,N29N31_Alpha,3,Alpha
N29N31M0P2_Alpha,N29N31M0P2_Alpha,3,Alpha
N29N32_Alpha,N29N32_Alpha,3,Alpha
N29N32M2Q3_Alpha,N29N32M2Q3_Alpha,3,Alpha
N29N35_Alpha,N29N35_Alpha,3,Alpha
N29N35N38_Alpha,N29N35N38_Alpha,3,Alpha
N29N35M2Q3_Alpha,N29N35M2Q3_Alpha,3,Alpha
N29N36_Alpha,N29N36_Alpha,3,Alpha
N29N36M2Q1_Alpha,N29N36M2Q1_Alpha,3,Alpha
N29N37_Alpha,N29N37_Alpha,3,Alpha
N29N37N38_Alpha,N29N37N38_Alpha,3,Alpha
N29N37M2Q1_Alpha,N29N37M2Q1_Alpha,3,Alpha
N29N37M2Q4_Alpha,N29N37M2Q4_Alpha,3,Alpha
N29N38M2Q3_Alpha,N29N38M2Q3_Alpha,3,Alpha
N29N40M2Q4_Alpha,N29N40M2Q4_Alpha,3,Alpha
N29M0P1_Alpha,N29M0P1_Alpha,3,Alpha
N29M0P1M2Q4_Alpha,N29M0P1M2Q4_Alpha,3,Alpha
N29M2Q3_Alpha,N29M2Q3_Alpha,3,Alpha
N29M2Q3M2Q4_Alpha,N29M2Q3M2Q4_Alpha,3,Alpha
N30N31_Alpha,N30N31_Alpha,3,Alpha
N30N31M2Q1_Alpha,N30N31M2Q1_Alpha,3,Alpha
N30N39_Alpha,N30N39_Alpha,3,Alpha
N30N39M0P2_Alpha,N30N39M0P2_Alpha,3,Alpha
N30M1T1_Alpha,N30M1T1_Alpha,3,Alpha
N30M1T1M1T2_Alpha,N30M1T1M1T2_Alpha,3,Alpha
N30M1T2_Alpha,N30M1T2_Alpha,3,Alpha
N30M1T2M2Q4_Alpha,N30M1T2M2Q4_Alpha,3,Alpha
N30M1T3_Alpha,N30M1T3_Alpha,3,Alpha
N30M1T3M2Q1_Alpha,N30M1T3M2Q1_Alpha,3,Alpha
N31N34M2Q2_Alpha,N31N34M2Q2_Alpha,3,Alpha
N31N35_Alpha,N31N35_Alpha,3,Alpha
N31N35M1T1_Alpha,N31N35M1T1_Alpha,3,Alpha
N31N35M2Q4_Alpha,N31N35M2Q4_Alpha,3,Alpha
N31N38_Alpha,N31N38_Alpha,3,Alpha
N31N38M0P1_Alpha,N31N38M0P1_Alpha,3,Alpha
N31N38M1T3_Alpha,N31N38M1T3_Alpha,3,Alpha
N31N40M0P1_Alpha,N31N40M0P1_Alpha,3,Alpha
N31M0P1_Alpha,N31M0P1_Alpha,3,Alpha
N31M0P1M2Q2_Alpha,N31M0P1M2Q2_Alpha,3,Alpha
N31M1T2_Alpha,N31M1T2_Alpha,3,Alpha
N31M1T2M2Q2_Alpha,N31M1T2M2Q2_Alpha,3,Alpha
N31M1T3_Alpha,N31M1T3_Alpha,3,Alpha
N31M1T3M2Q3_Alpha,N31M1T3M2Q3_Alpha,3,Alpha
N31M2Q3M2Q4_Alpha,N31M2Q3M2Q4_Alpha,3,Alpha
N32N35_Alpha,N32N35_Alpha,3,Alpha
N32N35N37_Alpha,N32N35N37_Alpha,3,Alpha
N33N36_Alpha,N33N36_Alpha,3,Alpha
N33N36N37_Alpha,N33N36N37_Alpha,3,Alpha
N33N36M2Q3_Alpha,N33N36M2Q3_Alpha,3,Alpha
N33M2Q1_Alpha,N33M2Q1_Alpha,3,Alpha
N33M2Q1M2Q4_Alpha,N33M2Q1M2Q4_Alpha,3,Alpha
N34N38_Alpha,N34N38_Alpha,3,Alpha
N34N38M2Q3_Alpha,N34N38M2Q3_Alpha,3,Alpha
N35N37_Alpha,N35N37_Alpha,3,Alpha
N35N37N40_Alpha,N35N37N40_Alpha,3,Alpha
N35N39_Alpha,N35N39_Alpha,3,Alpha
N35N39M1T2_Alpha,N35N39M1T2_Alpha,3,Alpha
N35M1T2_Alpha,N35M1T2_Alpha,3,Alpha
N35M1T2M2Q4_Alpha,N35M1T2M2Q4_Alpha,3,Alpha
N35M2Q2_Alpha,N35M2Q2_Alpha,3,Alpha
N35M2Q2M2Q4_Alpha,N35M2Q2M2Q4_Alpha,3,Alpha
N36N39_Alpha,N36N39_Alpha,3,Alpha
N36N39M0P1_Alpha,N36N39M0P1_Alpha,3,Alpha
N36N39M2Q2_Alpha,N36N39M2Q2_Alpha,3,Alpha
N36M0P2_Alpha,N36M0P2_Alpha,3,Alpha
N36M0P2M2Q3_Alpha,N36M0P2M2Q3_Alpha,3,Alpha
N36M1T1_Alpha,N36M1T1_Alpha,3,Alpha
N36M1T1M2Q3_Alpha,N36M1T1M2Q3_Alpha,3,Alpha
N36M2Q2_Alpha,N36M2Q2_Alpha,3,Alpha
N36M2Q2M2Q3_Alpha,N36M2Q2M2Q3_Alpha,3,Alpha
N36M2Q3_Alpha,N36M2Q3_Alpha,3,Alpha
N36M2Q3M2Q4_Alpha,N36M2Q3M2Q4_Alpha,3,Alpha
N37N38_Alpha,N37N38_Alpha,3,Alpha
N37N38M1T3_Alpha,N37N38M1T3_Alpha,3,Alpha
N37N38M2Q3_Alpha,N37N38M2Q3_Alpha,3,Alpha
N37M0P2_Alpha,N37M0P2_Alpha,3,Alpha
N37M0P2M1T1_Alpha,N37M0P2M1T1_Alpha,3,Alpha
N38M0P1M0P2_Alpha,N38M0P1M0P2_Alpha,3,Alpha
N38M0P1M1T2_Alpha,N38M0P1M1T2_Alpha,3,Alpha
N38M0P1M2Q3_Alpha,N38M0P1M2Q3_Alpha,3,Alpha
N39N40_Alpha,N39N40_Alpha,3,Alpha
N39N40M1T3_Alpha,N39N40M1T3_Alpha,3,Alpha
N40M1T1_Alpha,N40M1T1_Alpha,3,Alpha
N40M1T1M2Q2_Alpha,N40M1T1M2Q2_Alpha,3,Alpha
N40M2Q3_Alpha,N40M2Q3_Alpha,3,Alpha
N40M2Q3M2Q4_Alpha,N40M2Q3M2Q4_Alpha,3,Alpha
M0P1M0P2M1T2_Alpha,M0P1M0P2M1T2_Alpha,3,Alpha
M0P2M1T3M2Q1_Alpha,M0P2M1T3M2Q1_Alpha,3,Alpha
M0P2M1T3M2Q4_Alpha,M0P2M1T3M2Q4_Alpha,3,Alpha
M1T3M2Q3_Alpha,M1T3M2Q3_Alpha,3,Alpha
M1T3M2Q3M2Q4_Alpha,M1T3M2Q3M2Q4_Alpha,3,Alpha
M1T1_Beta,M1T1_Beta,4,Beta
M1T2_Beta,M1T2_Beta,4,Beta
M1T1M1T2_Beta,M1T1M1T2_Beta,4,Beta
M1T1M1T2M1T3_Beta,M1T1M1T2M1T3_Beta,4,Beta
M2Q2_Beta,M2Q2_Beta,4,Beta
M1T1M1T2M1T3M2Q2_Beta,M1T1M1T2M1T3M2Q2_Beta,4,Beta
N26_Beta,N26_Beta,4,Beta
N26M1T1_Beta,N26M1T1_Beta,4,Beta
N26M1T1M1T2_Beta,N26M1T1M1T2_Beta,4,Beta
N26M1T1M1T2M1T3_Beta,N26M1T1M1T2M1T3_Beta,4,Beta
N18M1T1_Beta,N18M1T1_Beta,4,Beta
N18M1T1M1T2_Beta,N18M1T1M1T2_Beta,4,Beta
N18M1T1M1T2M1T3_Beta,N18M1T1M1T2M1T3_Beta,4,Beta
N35_Beta,N35_Beta,4,Beta
N35M1T1_Beta,N35M1T1_Beta,4,Beta
N35M1T1M1T2_Beta,N35M1T1M1T2_Beta,4,Beta
N35M1T1M1T2M1T3_Beta,N35M1T1M1T2M1T3_Beta,4,Beta
N13_Beta,N13_Beta,4,Beta
N13M1T1_Beta,N13M1T1_Beta,4,Beta
N13M1T1M1T2_Beta,N13M1T1M1T2_Beta,4,Beta
N13M1T1M1T2M1T3_Beta,N13M1T1M1T2M1T3_Beta,4,Beta
M2Q1_Beta,M2Q1_Beta,4,Beta
M1T1M1T2M1T3M2Q1_Beta,M1T1M1T2M1T3M2Q1_Beta,4,Beta
N9_Beta,N9_Beta,4,Beta
N9M1T1_Beta,N9M1T1_Beta,4,Beta
N9M1T1M1T2_Beta,N9M1T1M1T2_Beta,4,Beta
N9M1T1M1T2M1T3_Beta,N9M1T1M1T2M1T3_Beta,4,Beta
M2Q3_Beta,M2Q3_Beta,4,Beta
M1T1M1T2M1T3M2Q3_Beta,M1T1M1T2M1T3M2Q3_Beta,4,Beta
N31M1T1_Beta,N31M1T1_Beta,4,Beta
N31M1T1M1T2_Beta,N31M1T1M1T2_Beta,4,Beta
N31M1T1M1T2M1T3_Beta,N31M1T1M1T2M1T3_Beta,4,Beta
N10_Beta,N10_Beta,4,Beta
N10M1T1_Beta,N10M1T1_Beta,4,Beta
N10M1T1M1T2_Beta,N10M1T1M1T2_Beta,4,Beta
N10M1T1M1T2M1T3_Beta,N10M1T1M1T2M1T3_Beta,4,Beta
N16_Beta,N16_Beta,4,Beta
N16M1T1_Beta,N16M1T1_Beta,4,Beta
N16M1T1M1T2_Beta,N16M1T1M1T2_Beta,4,Beta
N16M1T1M1T2M1T3_Beta,N16M1T1M1T2M1T3_Beta,4,Beta
N36M1T1_Beta,N36M1T1_Beta,4,Beta
N36M1T1M1T2_Beta,N36M1T1M1T2_Beta,4,Beta
N36M1T1M1T2M1T3_Beta,N36M1T1M1T2M1T3_Beta,4,Beta
M2Q4_Beta,M2Q4_Beta,4,Beta
M1T1M1T2M1T3M2Q4_Beta,M1T1M1T2M1T3M2Q4_Beta,4,Beta
N34_Beta,N34_Beta,4,Beta
N34M1T1_Beta,N34M1T1_Beta,4,Beta
N34M1T1M1T2_Beta,N34M1T1M1T2_Beta,4,Beta
N34M1T1M1T2M1T3_Beta,N34M1T1M1T2M1T3_Beta,4,Beta
N3_Beta,N3_Beta,4,Beta
N3M1T1_Beta,N3M1T1_Beta,4,Beta
N3M1T1M1T2_Beta,N3M1T1M1T2_Beta,4,Beta
N3M1T1M1T2M1T3_Beta,N3M1T1M1T2M1T3_Beta,4,Beta
N12_Beta,N12_Beta,4,Beta
N12M1T1_Beta,N12M1T1_Beta,4,Beta
N12M1T1M1T2_Beta,N12M1T1M1T2_Beta,4,Beta
N12M1T1M1T2M1T3_Beta,N12M1T1M1T2M1T3_Beta,4,Beta
N15_Beta,N15_Beta,4,Beta
N15M1T1_Beta,N15M1T1_Beta,4,Beta
N15M1T1M1T2_Beta,N15M1T1M1T2_Beta,4,Beta
N15M1T1M1T2M1T3_Beta,N15M1T1M1T2M1T3_Beta,4,Beta
N24_Beta,N24_Beta,4,Beta
N24M1T1_Beta,N24M1T1_Beta,4,Beta
N24M1T1M1T2_Beta,N24M1T1M1T2_Beta,4,Beta
N24M1T1M1T2M1T3_Beta,N24M1T1M1T2M1T3_Beta,4,Beta
N11M1T1_Beta,N11M1T1_Beta,4,Beta
N11M1T1M1T2_Beta,N11M1T1M1T2_Beta,4,Beta
N11M1T1M1T2M1T3_Beta,N11M1T1M1T2M1T3_Beta,4,Beta
N40_Beta,N40_Beta,4,Beta
N40M1T1_Beta,N40M1T1_Beta,4,Beta
N40M1T1M1T2_Beta,N40M1T1M1T2_Beta,4,Beta
N40M1T1M1T2M1T3_Beta,N40M1T1M1T2M1T3_Beta,4,Beta
M0P2_Beta,M0P2_Beta,4,Beta
M0P2M1T1_Beta,M0P2M1T1_Beta,4,Beta
M0P2M1T1M1T2_Beta,M0P2M1T1M1T2_Beta,4,Beta
M0P2M1T1M1T2M1T3_Beta,M0P2M1T1M1T2M1T3_Beta,4,Beta
N2_Beta,N2_Beta,4,Beta
N2M1T1_Beta,N2M1T1_Beta,4,Beta
N2M1T1M1T2_Beta,N2M1T1M1T2_Beta,4,Beta
N2M1T1M1T2M1T3_Beta,N2M1T1M1T2M1T3_Beta,4,Beta
N29_Beta,N29_Beta,4,Beta
N29M1T1_Beta,N29M1T1_Beta,4,Beta
N29M1T1M1T2_Beta,N29M1T1M1T2_Beta,4,Beta
N29M1T1M1T2M1T3_Beta,N29M1T1M1T2M1T3_Beta,4,Beta
N28_Beta,N28_Beta,4,Beta
N28M1T1_Beta,N28M1T1_Beta,4,Beta
N28M1T1M1T2_Beta,N28M1T1M1T2_Beta,4,Beta
N28M1T1M1T2M1T3_Beta,N28M1T1M1T2M1T3_Beta,4,Beta
N20_Beta,N20_Beta,4,Beta
N20M1T1_Beta,N20M1T1_Beta,4,Beta
N20M1T1M1T2_Beta,N20M1T1M1T2_Beta,4,Beta
N20M1T1M1T2M1T3_Beta,N20M1T1M1T2M1T3_Beta,4,Beta
N22N29_Beta,N22N29_Beta,4,Beta
M0P1_Beta,M0P1_Beta,4,Beta
N22N29M0P1_Beta,N22N29M0P1_Beta,4,Beta
N22N29M0P1M0P2_Beta,N22N29M0P1M0P2_Beta,4,Beta
N22M1T1_Beta,N22M1T1_Beta,4,Beta
N22M1T1M1T2_Beta,N22M1T1M1T2_Beta,4,Beta
N22M1T1M1T2M1T3_Beta,N22M1T1M1T2M1T3_Beta,4,Beta
N38_Beta,N38_Beta,4,Beta
N38M0P1_Beta,N38M0P1_Beta,4,Beta
N38M0P1M0P2_Beta,N38M0P1M0P2_Beta,4,Beta
N38M0P1M0P2M2Q1_Beta,N38M0P1M0P2M2Q1_Beta,4,Beta
N37_Beta,N37_Beta,4,Beta
N37M1T1_Beta,N37M1T1_Beta,4,Beta
N37M1T1M1T2_Beta,N37M1T1M1T2_Beta,4,Beta
N37M1T1M1T2M1T3_Beta,N37M1T1M1T2M1T3_Beta,4,Beta
N20N22_Beta,N20N22_Beta,4,Beta
N20N22M0P1_Beta,N20N22M0P1_Beta,4,Beta
N20N22M0P1M0P2_Beta,N20N22M0P1M0P2_Beta,4,Beta
N7M1T1_Beta,N7M1T1_Beta,4,Beta
N7M1T1M1T2_Beta,N7M1T1M1T2_Beta,4,Beta
N7M1T1M1T2M1T3_Beta,N7M1T1M1T2M1T3_Beta,4,Beta
M0P1M1T1_Beta,M0P1M1T1_Beta,4,Beta
M0P1M1T1M1T2_Beta,M0P1M1T1M1T2_Beta,4,Beta
M0P1M1T1M1T2M1T3_Beta,M0P1M1T1M1T2M1T3_Beta,4,Beta
N2M0P1_Beta,N2M0P1_Beta,4,Beta
N2M0P1M0P2_Beta,N2M0P1M0P2_Beta,4,Beta
N2M0P1M0P2M2Q3_Beta,N2M0P1M0P2M2Q3_Beta,4,Beta
N19_Beta,N19_Beta,4,Beta
N19M1T1_Beta,N19M1T1_Beta,4,Beta
N19M1T1M1T2_Beta,N19M1T1M1T2_Beta,4,Beta
N19M1T1M1T2M1T3_Beta,N19M1T1M1T2M1T3_Beta,4,Beta
N39_Beta,N39_Beta,4,Beta
N39M1T1_Beta,N39M1T1_Beta,4,Beta
N39M1T1M1T2_Beta,N39M1T1M1T2_Beta,4,Beta
N39M1T1M1T2M1T3_Beta,N39M1T1M1T2M1T3_Beta,4,Beta
N33_Beta,N33_Beta,4,Beta
N33M1T1_Beta,N33M1T1_Beta,4,Beta
N33M1T1M1T2_Beta,N33M1T1M1T2_Beta,4,Beta
N33M1T1M1T2M1T3_Beta,N33M1T1M1T2M1T3_Beta,4,Beta
N22M0P1_Beta,N22M0P1_Beta,4,Beta
N22M0P1M0P2_Beta,N22M0P1M0P2_Beta,4,Beta
N22M0P1M0P2M1T2_Beta,N22M0P1M0P2M1T2_Beta,4,Beta
N36M0P1_Beta,N36M0P1_Beta,4,Beta
N36M0P1M0P2_Beta,N36M0P1M0P2_Beta,4,Beta
N36M0P1M0P2M2Q3_Beta,N36M0P1M0P2M2Q3_Beta,4,Beta
N6_Beta,N6_Beta,4,Beta
N6M1T1_Beta,N6M1T1_Beta,4,Beta
N6M1T1M1T2_Beta,N6M1T1M1T2_Beta,4,Beta
N6M1T1M1T2M1T3_Beta,N6M1T1M1T2M1T3_Beta,4,Beta
N30_Beta,N30_Beta,4,Beta
N30M1T1_Beta,N30M1T1_Beta,4,Beta
N30M1T1M1T2_Beta,N30M1T1M1T2_Beta,4,Beta
N30M1T1M1T2M1T3_Beta,N30M1T1M1T2M1T3_Beta,4,Beta
N26N29_Beta,N26N29_Beta,4,Beta
N26N29M0P1_Beta,N26N29M0P1_Beta,4,Beta
N26N29M0P1M0P2_Beta,N26N29M0P1M0P2_Beta,4,Beta
N20N29_Beta,N20N29_Beta,4,Beta
N20N29M0P1_Beta,N20N29M0P1_Beta,4,Beta
N20N29M0P1M0P2_Beta,N20N29M0P1M0P2_Beta,4,Beta
N38M1T1_Beta,N38M1T1_Beta,4,Beta
N38M1T1M1T2_Beta,N38M1T1M1T2_Beta,4,Beta
N38M1T1M1T2M1T3_Beta,N38M1T1M1T2M1T3_Beta,4,Beta
N32_Beta,N32_Beta,4,Beta
N32M1T1_Beta,N32M1T1_Beta,4,Beta
N32M1T1M1T2_Beta,N32M1T1M1T2_Beta,4,Beta
N32M1T1M1T2M1T3_Beta,N32M1T1M1T2M1T3_Beta,4,Beta
N0_Beta,N0_Beta,4,Beta
N0M1T1_Beta,N0M1T1_Beta,4,Beta
N0M1T1M1T2_Beta,N0M1T1M1T2_Beta,4,Beta
N0M1T1M1T2M1T3_Beta,N0M1T1M1T2M1T3_Beta,4,Beta
N0N36_Beta,N0N36_Beta,4,Beta
N0N36M0P1_Beta,N0N36M0P1_Beta,4,Beta
N0N36M0P1M0P2_Beta,N0N36M0P1M0P2_Beta,4,Beta
N2N22_Beta,N2N22_Beta,4,Beta
N2N22M0P1_Beta,N2N22M0P1_Beta,4,Beta
N2N22M0P1M0P2_Beta,N2N22M0P1M0P2_Beta,4,Beta
N2M0P1M0P2M1T2_Beta,N2M0P1M0P2M1T2_Beta,4,Beta
N5M1T1_Beta,N5M1T1_Beta,4,Beta
N5M1T1M1T2_Beta,N5M1T1M1T2_Beta,4,Beta
N5M1T1M1T2M1T3_Beta,N5M1T1M1T2M1T3_Beta,4,Beta
N6N22_Beta,N6N22_Beta,4,Beta
N6N22M0P1_Beta,N6N22M0P1_Beta,4,Beta
N6N22M0P1M0P2_Beta,N6N22M0P1M0P2_Beta,4,Beta
N2M0P1M0P2M2Q1_Beta,N2M0P1M0P2M2Q1_Beta,4,Beta
N4M1T1_Beta,N4M1T1_Beta,4,Beta
N4M1T1M1T2_Beta,N4M1T1M1T2_Beta,4,Beta
N4M1T1M1T2M1T3_Beta,N4M1T1M1T2M1T3_Beta,4,Beta
N2N18_Beta,N2N18_Beta,4,Beta
N2N18M0P1_Beta,N2N18M0P1_Beta,4,Beta
N2N18M0P1M0P2_Beta,N2N18M0P1M0P2_Beta,4,Beta
N2N24_Beta,N2N24_Beta,4,Beta
N2N24M0P1_Beta,N2N24M0P1_Beta,4,Beta
N2N24M0P1M0P2_Beta,N2N24M0P1M0P2_Beta,4,Beta
N0M0P1_Beta,N0M0P1_Beta,4,Beta
N0M0P1M0P2_Beta,N0M0P1M0P2_Beta,4,Beta
N0M0P1M0P2M1T2_Beta,N0M0P1M0P2M1T2_Beta,4,Beta
N2N34_Beta,N2N34_Beta,4,Beta
N2N34M0P1_Beta,N2N34M0P1_Beta,4,Beta
N2N34M0P1M0P2_Beta,N2N34M0P1M0P2_Beta,4,Beta
N6N38_Beta,N6N38_Beta,4,Beta
N6N38M0P1_Beta,N6N38M0P1_Beta,4,Beta
N6N38M0P1M0P2_Beta,N6N38M0P1M0P2_Beta,4,Beta
N0N28_Beta,N0N28_Beta,4,Beta
N0N28M0P1_Beta,N0N28M0P1_Beta,4,Beta
N0N28M0P1M0P2_Beta,N0N28M0P1M0P2_Beta,4,Beta
N0N24_Beta,N0N24_Beta,4,Beta
N0N24M0P1_Beta,N0N24M0P1_Beta,4,Beta
N0N24M0P1M0P2_Beta,N0N24M0P1M0P2_Beta,4,Beta
N2N28_Beta,N2N28_Beta,4,Beta
N2N28M0P1_Beta,N2N28M0P1_Beta,4,Beta
N2N28M0P1M0P2_Beta,N2N28M0P1M0P2_Beta,4,Beta
N2N29_Beta,N2N29_Beta,4,Beta
N2N29M0P1_Beta,N2N29M0P1_Beta,4,Beta
N2N29M0P1M0P2_Beta,N2N29M0P1M0P2_Beta,4,Beta
N0M0P1M0P2M2Q3_Beta,N0M0P1M0P2M2Q3_Beta,4,Beta
N1_Beta,N1_Beta,4,Beta
N1M1T1_Beta,N1M1T1_Beta,4,Beta
N1M1T1M1T2_Beta,N1M1T1M1T2_Beta,4,Beta
N1M1T1M1T2M1T3_Beta,N1M1T1M1T2M1T3_Beta,4,Beta
N0N38_Beta,N0N38_Beta,4,Beta
N0N38M0P1_Beta,N0N38M0P1_Beta,4,Beta
N0N38M0P1M0P2_Beta,N0N38M0P1M0P2_Beta,4,Beta
N3M0P1_Beta,N3M0P1_Beta,4,Beta
N3M0P1M0P2_Beta,N3M0P1M0P2_Beta,4,Beta
N3M0P1M0P2M1T2_Beta,N3M0P1M0P2M1T2_Beta,4,Beta
N0N22_Beta,N0N22_Beta,4,Beta
N0N22M0P1_Beta,N0N22M0P1_Beta,4,Beta
N0N22M0P1M0P2_Beta,N0N22M0P1M0P2_Beta,4,Beta
N0N37_Beta,N0N37_Beta,4,Beta
N0N37M0P1_Beta,N0N37M0P1_Beta,4,Beta
N0N37M0P1M0P2_Beta,N0N37M0P1M0P2_Beta,4,Beta
N2N38_Beta,N2N38_Beta,4,Beta
N2N38M0P1_Beta,N2N38M0P1_Beta,4,Beta
N2N38M0P1M0P2_Beta,N2N38M0P1M0P2_Beta,4,Beta
N2N31_Beta,N2N31_Beta,4,Beta
N2N31M0P1_Beta,N2N31M0P1_Beta,4,Beta
N2N31M0P1M0P2_Beta,N2N31M0P1M0P2_Beta,4,Beta
N3M0P1M0P2M2Q1_Beta,N3M0P1M0P2M2Q1_Beta,4,Beta
N0N31_Beta,N0N31_Beta,4,Beta
N0N31M0P1_Beta,N0N31M0P1_Beta,4,Beta
N0N31M0P1M0P2_Beta,N0N31M0P1M0P2_Beta,4,Beta
N3N24_Beta,N3N24_Beta,4,Beta
N3N24M0P1_Beta,N3N24M0P1_Beta,4,Beta
N3N24M0P1M0P2_Beta,N3N24M0P1M0P2_Beta,4,Beta
N2N36_Beta,N2N36_Beta,4,Beta
N2N36M0P1_Beta,N2N36M0P1_Beta,4,Beta
N2N36M0P1M0P2_Beta,N2N36M0P1M0P2_Beta,4,Beta
N0N30_Beta,N0N30_Beta,4,Beta
N0N30M0P1_Beta,N0N30M0P1_Beta,4,Beta
N0N30M0P1M0P2_Beta,N0N30M0P1M0P2_Beta,4,Beta
N2N12_Beta,N2N12_Beta,4,Beta
N2N12M0P1_Beta,N2N12M0P1_Beta,4,Beta
N2N12M0P1M0P2_Beta,N2N12M0P1M0P2_Beta,4,Beta
N2N20_Beta,N2N20_Beta,4,Beta
N2N20M0P1_Beta,N2N20M0P1_Beta,4,Beta
N2N20M0P1M0P2_Beta,N2N20M0P1M0P2_Beta,4,Beta
N0M0P1M0P2M2Q1_Beta,N0M0P1M0P2M2Q1_Beta,4,Beta
N6N18_Beta,N6N18_Beta,4,Beta
N6N18M0P1_Beta,N6N18M0P1_Beta,4,Beta
N6N18M0P1M0P2_Beta,N6N18M0P1M0P2_Beta,4,Beta
N2N26_Beta,N2N26_Beta,4,Beta
N2N26M0P1_Beta,N2N26M0P1_Beta,4,Beta
N2N26M0P1M0P2_Beta,N2N26M0P1M0P2_Beta,4,Beta
N6M0P1_Beta,N6M0P1_Beta,4,Beta
N6M0P1M0P2_Beta,N6M0P1M0P2_Beta,4,Beta
N6M0P1M0P2M2Q1_Beta,N6M0P1M0P2M2Q1_Beta,4,Beta
